{
  "version": 1,
  "author": "Anonymous maker",
  "editor": "wokwi",
  "parts": [
    { "type": "wokwi-breadboard", "id": "bb1", "top": -3, "left": 300.4, "attrs": {} },
    { "type": "wokwi-arduino-uno", "id": "uno", "top": 58.2, "left": 249, "attrs": {} },
    {
      "type": "wokwi-lcd1602",
      "id": "lcd1",
      "top": -243.2,
      "left": 408.8,
      "attrs": { "pins": "i2c" }
    },
    {
      "type": "wokwi-hc-sr04",
      "id": "ultrasonic1",
      "top": -200.1,
      "left": 811.9,
      "attrs": { "distance": "130" }
    },
    {
      "type": "wokwi-led",
      "id": "led1",
      "top": 111.6,
      "left": 704.6,
      "attrs": { "color": "red" }
    },
    {
      "type": "wokwi-led",
      "id": "led2",
      "top": 111.6,
      "left": 733.4,
      "attrs": { "color": "yellow" }
    },
    {
      "type": "wokwi-led",
      "id": "led3",
      "top": 111.6,
      "left": 762.2,
      "attrs": { "color": "green" }
    },
    {
      "type": "wokwi-resistor",
      "id": "r1",
      "top": 43.2,
      "left": 690.65,
      "rotate": 90,
      "attrs": { "value": "220" }
    },
    {
      "type": "wokwi-resistor",
      "id": "r2",
      "top": 43.2,
      "left": 719.45,
      "rotate": 90,
      "attrs": { "value": "220" }
    },
    {
      "type": "wokwi-resistor",
      "id": "r3",
      "top": 43.2,
      "left": 748.25,
      "rotate": 90,
      "attrs": { "value": "220" }
    },
    {
      "type": "wokwi-resistor",
      "id": "r4",
      "top": 43.2,
      "left": 796.25,
      "rotate": 90,
      "attrs": { "value": "100" }
    },
    {
      "type": "wokwi-buzzer",
      "id": "bz1",
      "top": 69.6,
      "left": 798.6,
      "attrs": { "volume": "0.1" }
    },
    { "type": "wokwi-servo", "id": "servo1", "top": -50, "left": 969.6, "attrs": {} }
  ],
  "connections": [
    [ "bb1:tp.1", "uno:5V", "red", [ "v230.7", "h-186.4" ] ],
    [ "bb1:tn.1", "uno:GND.2", "black", [ "v191.9", "h-176.9" ] ],
    [ "bb1:tp.25", "bb1:tp.26", "red", [ "v0" ] ],
    [ "bb1:tn.25", "bb1:tn.26", "black", [ "v0" ] ],
    [ "lcd1:GND", "bb1:tn.2", "black", [ "v134.4", "h68" ] ],
    [ "lcd1:VCC", "bb1:tp.2", "red", [ "v115.3", "h68" ] ],
    [ "lcd1:SDA", "uno:A4.2", "green", [ "h0" ] ],
    [ "lcd1:SCL", "uno:A5.2", "green", [ "h0" ] ],
    [ "ultrasonic1:GND", "bb1:tn.35", "black", [ "v0" ] ],
    [ "ultrasonic1:VCC", "bb1:tp.32", "red", [ "v0" ] ],
    [ "ultrasonic1:TRIG", "uno:9", "blue", [ "v67.2", "h-230.8" ] ],
    [ "ultrasonic1:ECHO", "uno:10", "blue", [ "v48", "h-567.3" ] ],
    [ "bb1:42b.f", "bb1:42t.e", "black", [ "v0" ] ],
    [ "bb1:45b.f", "bb1:45t.e", "black", [ "v0" ] ],
    [ "bb1:48b.f", "bb1:48t.e", "black", [ "v0" ] ],
    [ "bb1:49b.f", "uno:2", "green", [ "v-153.6", "h-9.6" ] ],
    [ "bb1:46b.f", "uno:3", "gold", [ "v-124.8", "h-422.4", "v0", "h-109" ] ],
    [ "bb1:43b.f", "uno:4", "red", [ "v-172.8", "h-512.1" ] ],
    [ "bb1:53b.f", "bb1:53t.e", "black", [ "v0" ] ],
    [ "bb1:54b.f", "uno:5", "#8f4814", [ "v-172.8", "h-38.4" ] ],
    [ "servo1:GND", "bb1:tn.45", "black", [ "h0" ] ],
    [ "servo1:V+", "bb1:tp.46", "red", [ "h0" ] ],
    [ "servo1:PWM", "uno:6", "violet", [ "h-633.6", "v0.2", "h-51.1" ] ],
    [ "led1:A", "bb1:43b.j", "", [ "$bb" ] ],
    [ "led1:C", "bb1:42b.j", "", [ "$bb" ] ],
    [ "led2:A", "bb1:46b.j", "", [ "$bb" ] ],
    [ "led2:C", "bb1:45b.j", "", [ "$bb" ] ],
    [ "led3:A", "bb1:49b.j", "", [ "$bb" ] ],
    [ "led3:C", "bb1:48b.j", "", [ "$bb" ] ],
    [ "r1:1", "bb1:tn.34", "", [ "$bb" ] ],
    [ "r1:2", "bb1:42t.d", "", [ "$bb" ] ],
    [ "r2:1", "bb1:tn.36", "", [ "$bb" ] ],
    [ "r2:2", "bb1:45t.d", "", [ "$bb" ] ],
    [ "r3:1", "bb1:tn.39", "", [ "$bb" ] ],
    [ "r3:2", "bb1:48t.d", "", [ "$bb" ] ],
    [ "r4:1", "bb1:tn.43", "", [ "$bb" ] ],
    [ "r4:2", "bb1:53t.d", "", [ "$bb" ] ],
    [ "bz1:1", "bb1:53b.j", "", [ "$bb" ] ],
    [ "bz1:2", "bb1:54b.j", "", [ "$bb" ] ],
    [ "uno:A5.2", "bb1:2t.c", "", [ "$bb" ] ],
    [ "uno:A4.2", "bb1:3t.c", "", [ "$bb" ] ],
    [ "uno:AREF", "bb1:4t.c", "", [ "$bb" ] ],
    [ "uno:GND.1", "bb1:5t.c", "", [ "$bb" ] ],
    [ "uno:13", "bb1:6t.c", "", [ "$bb" ] ],
    [ "uno:12", "bb1:7t.c", "", [ "$bb" ] ],
    [ "uno:11", "bb1:8t.c", "", [ "$bb" ] ],
    [ "uno:10", "bb1:9t.c", "", [ "$bb" ] ],
    [ "uno:9", "bb1:10t.c", "", [ "$bb" ] ],
    [ "uno:8", "bb1:11t.c", "", [ "$bb" ] ]
  ],
  "dependencies": {}
}